Workbook

Sheet Sheet1
H1: USING SUMIF
B4: Name | C4: Place | D4: Dept | E4: Sales | H4: Dept | I4: Sales | K4: {=_xlfn.UNIQUE(Sheet1!$C$5:$C$11)} -> Hyderabad | M4: {=_xlfn.UNIQUE(Sheet1!$D$5:$D$11)} -> CSE
B5: Uday | C5: Hyderabad | D5: CSE | E5: 20120 | H5: CSE | I5: =SUMIF(Sheet1!$D$4:$D$11,H5,Sheet1!$E$4:$E$11) -> 111976 | K5: Suryapet | M5: IT
B6: Shiva | C6: Suryapet | D6: IT | E6: 54214 | K6: Vijaywada | M6: DS
B7: Raghu | C7: Suryapet | D7: CSE | E7: 54210 | K7: Medak | M7: CIVIL
B8: Manohar | C8: Vijaywada | D8: DS | E8: 79532 | H8: Place | I8: Sales
B9: Sathish | C9: Hyderabad | D9: CIVIL | E9: 21356 | H9: Suryapet | I9: =SUMIF(Sheet1!$C$4:$C$11,H9,Sheet1!$E$4:$E$11) -> 108424
B10: Laxman | C10: Medak | D10: IT | E10: 25364 | M10: Place/Dept | N10: CSE | O10: IT | P10: DS | Q10: CIVIL
B11: Pranav | C11: Hyderabad | D11: CSE | E11: 37646 | M11: Hyderabad | N11: =SUMIFS($E$5:$E$11,$C$5:$C$11,$M11,$D$5:$D$11,N$10) -> 57766 | O11: =SUMIFS($E$5:$E$11,$C$5:$C$11,$M11,$D$5:$D$11,O$10) -> 0 | P11: =SUMIFS($E$5:$E$11,$C$5:$C$11,$M11,$D$5:$D$11,P$10) -> 0 | Q11: =SUMIFS($E$5:$E$11,$C$5:$C$11,$M11,$D$5:$D$11,Q$10) -> 21356
M12: Suryapet | N12: =SUMIFS($E$5:$E$11,$C$5:$C$11,$M12,$D$5:$D$11,N$10) -> 54210 | O12: =SUMIFS($E$5:$E$11,$C$5:$C$11,$M12,$D$5:$D$11,O$10) -> 54214 | P12: =SUMIFS($E$5:$E$11,$C$5:$C$11,$M12,$D$5:$D$11,P$10) -> 0 | Q12: =SUMIFS($E$5:$E$11,$C$5:$C$11,$M12,$D$5:$D$11,Q$10) -> 0
H13: Using SUMIFS | M13: Vijayawada | N13: =SUMIFS($E$5:$E$11,$C$5:$C$11,$M13,$D$5:$D$11,N$10) -> 0 | O13: =SUMIFS($E$5:$E$11,$C$5:$C$11,$M13,$D$5:$D$11,O$10) -> 0 | P13: =SUMIFS($E$5:$E$11,$C$5:$C$11,$M13,$D$5:$D$11,P$10) -> 0 | Q13: =SUMIFS($E$5:$E$11,$C$5:$C$11,$M13,$D$5:$D$11,Q$10) -> 0
M14: Medak | N14: =SUMIFS($E$5:$E$11,$C$5:$C$11,$M14,$D$5:$D$11,N$10) -> 0 | O14: =SUMIFS($E$5:$E$11,$C$5:$C$11,$M14,$D$5:$D$11,O$10) -> 25364 | P14: =SUMIFS($E$5:$E$11,$C$5:$C$11,$M14,$D$5:$D$11,P$10) -> 0 | Q14: =SUMIFS($E$5:$E$11,$C$5:$C$11,$M14,$D$5:$D$11,Q$10) -> 0
H15: Dept | I15: Place | J15: Sales
H16: CSE | I16: Hyderabad | J16: =SUMIFS(Sheet1!$E$5:$E$11,Sheet1!$D$5:$D$11,H16,Sheet1!$C$5:$C$11,I16) -> 57766
H18: Using COUNTIF | Q18: Format
M19: Using AVERAGEIF
H20: Dept | I20: Count
H21: CSE | I21: =COUNTIF(E5:E11,">"&20000) -> 7 | M21: Dept | N21: Average
M22: CSE | N22: =AVERAGEIF(D5:E11,"CSE",E5:E11) -> 37325.333
H23: Using COUNTIFS
H25: Dept | I25: Place | J25: Count
H26: CSE | I26: Hyderabad | J26: =COUNTIFS(D5:D11,"CSE",C5:C11,"Hyderabad") -> 2
H30: Using TEXT Function | K30: Uday | L30: Kumar
G32: Left | H32: =LEFT(K30,3) -> Uda
G33: Right | H33: =RIGHT(K30,2) -> ay
G34: Mid | H34: =MID(K30,2,2) -> da
G35: Concatinate | H35: =CONCATENATE(K30,L30) -> UdayKumar
G36: Find | H36: =FIND("da",K30,1) -> 2
G37: Search | H37: =SEARCH("d",K30) -> 2
G38: Replace | H38: =REPLACE(K30,2,2,"aa") -> Uaay
G39: Substitute | H39: =SUBSTITUTE(K30,"da","DA") -> UDAy
